{
    "Ellipse fit error": 5.200447711048549,
    "Needle line residual variance": 38.86578164331464,
    "Mean residual on fitted angle line": 0.6415926535897928
}