{
    "Ellipse fit error": 5.225378496902734,
    "Needle line residual variance": 37.948490495878026,
    "Mean residual on fitted angle line": 0.7955864179752039
}